{
    "value0": {
        "camera_pose": {
            "rotation": {
                "w": 0.44007980823516846,
                "x": -0.03421890735626221,
                "y": -0.04113205149769783,
                "z": -0.8963631987571716
            },
            "translation": {
                "m00": -0.09172471326846406,
                "m10": 0.09196369813313608,
                "m20": 0.49876136234926444
            }
        },
        "color_parameters": {
            "c_x": 2268.303466796875,
            "c_y": 1650.9920654296875,
            "fov_x": 6882.35107421875,
            "fov_y": 6911.35595703125,
            "height": 3472,
            "intrinsics_matrix": {
                "m00": 6882.35107421875,
                "m01": 0.0,
                "m02": 0.0,
                "m10": 0.0,
                "m11": 6911.35595703125,
                "m12": 0.0,
                "m20": 2268.303466796875,
                "m21": 1650.9920654296875,
                "m22": 1.0
            },
            "metric_radius": 0.4194543090782732,
            "radial_distortion": {
                "m00": 0.14004768431186676,
                "m10": -1.3050243854522705,
                "m20": 6.2366204261779785,
                "m30": 0.0,
                "m40": 0.0,
                "m50": 0.0
            },
            "tangential_distortion": {
                "m00": -0.008255074732005596,
                "m10": -0.00025502999778836966
            },
            "width": 4624
        },
        "color_resolution": 6,
        "is_valid": true
    }
}